               epoch,      train/box_loss,      train/obj_loss,      train/cls_loss,   metrics/precision,      metrics/recall,     metrics/mAP_0.5,metrics/mAP_0.5:0.95,        val/box_loss,        val/obj_loss,        val/cls_loss,               x/lr0,               x/lr1,               x/lr2
                   0,             0.11711,            0.026753,            0.037833,                   0,                   0,                   0,                   0,             0.11335,            0.019158,            0.035557,               0.091,               0.001,               0.001
                   1,             0.10738,            0.022851,            0.033369,                   0,                   0,                   0,                   0,             0.11208,             0.01445,            0.030849,            0.081093,           0.0020931,           0.0020931
                   2,            0.099551,            0.021973,             0.02786,          0.00044116,             0.17029,          0.00034488,          5.0158e-05,             0.10019,            0.012315,            0.022156,            0.071179,           0.0031789,           0.0031789
                   3,            0.087941,             0.02117,            0.019288,          0.00087758,             0.23611,           0.0011341,          0.00028845,            0.088983,            0.011253,            0.016376,            0.061257,           0.0042574,           0.0042574
                   4,            0.080144,            0.022109,            0.013776,           0.0004414,             0.22222,           0.0012996,           0.0002096,            0.090957,           0.0097999,            0.014484,            0.051329,           0.0053287,           0.0053287
                   5,            0.083515,            0.018749,            0.011503,           0.0010384,             0.34722,           0.0014734,          0.00026164,               0.084,            0.009685,            0.014881,            0.041393,           0.0063927,           0.0063927
                   6,            0.078036,            0.020186,            0.010265,           0.0010081,             0.41667,           0.0039001,          0.00086813,            0.090862,           0.0094578,            0.012632,             0.03145,           0.0074495,           0.0074495
                   7,            0.069695,            0.019165,           0.0090515,            0.023494,             0.33333,            0.048884,            0.025762,              0.1076,            0.008149,             0.01043,            0.021499,            0.008499,            0.008499
                   8,             0.08083,            0.016995,           0.0085373,           0.0097212,             0.65278,            0.035068,            0.008762,             0.08667,           0.0094632,             0.01448,            0.011541,           0.0095413,           0.0095413
                   9,            0.075754,             0.01777,           0.0094239,             0.33849,            0.027778,            0.013688,           0.0072949,             0.10266,           0.0084664,           0.0097828,            0.009703,            0.009703,            0.009703
                  10,            0.073575,            0.017942,           0.0090179,           0.0049525,             0.81944,            0.017434,           0.0032985,            0.085495,           0.0098033,            0.016323,            0.009703,            0.009703,            0.009703
                  11,            0.061546,            0.018152,           0.0078429,             0.33764,            0.027778,            0.057174,            0.014751,            0.079536,             0.01099,            0.025054,             0.00967,             0.00967,             0.00967
                  12,            0.059969,            0.019019,           0.0072482,              0.7819,            0.013889,              0.1197,            0.046843,            0.085564,           0.0087498,            0.023284,            0.009637,            0.009637,            0.009637
                  13,            0.058485,            0.018616,           0.0060926,             0.72563,            0.027778,             0.05995,            0.021831,            0.071729,           0.0092331,            0.023131,            0.009604,            0.009604,            0.009604
                  14,            0.056873,            0.016876,           0.0054757,           0.0076667,                0.75,            0.067518,            0.017927,            0.081969,           0.0083906,            0.026896,            0.009571,            0.009571,            0.009571
                  15,            0.059222,            0.018463,           0.0067089,            0.011934,             0.79167,             0.21764,            0.087475,            0.066877,           0.0096556,            0.020347,            0.009538,            0.009538,            0.009538
                  16,            0.046364,            0.018367,           0.0053758,             0.35528,               0.125,             0.13249,            0.081412,            0.063658,            0.009746,            0.012819,            0.009505,            0.009505,            0.009505
                  17,             0.04861,            0.016907,           0.0051402,             0.36097,             0.20833,             0.21131,            0.072512,            0.054471,           0.0096919,            0.017376,            0.009472,            0.009472,            0.009472
                  18,            0.046561,             0.01784,           0.0040658,             0.34986,             0.54167,             0.29019,             0.16508,            0.061268,           0.0087332,            0.022968,            0.009439,            0.009439,            0.009439
                  19,             0.04259,            0.015866,            0.004314,             0.26041,             0.54053,             0.25359,             0.17543,            0.058955,           0.0082176,            0.026312,            0.009406,            0.009406,            0.009406
                  20,            0.050058,            0.014388,           0.0038533,             0.35303,             0.45833,             0.35186,              0.2157,            0.065136,           0.0068289,            0.026653,            0.009373,            0.009373,            0.009373
                  21,            0.046744,            0.013444,           0.0034286,             0.43485,             0.40769,               0.379,             0.22672,            0.053589,           0.0068511,             0.02614,             0.00934,             0.00934,             0.00934
                  22,            0.038868,            0.013595,           0.0038349,             0.57672,             0.54531,             0.41011,             0.29016,            0.052163,           0.0072412,            0.021143,            0.009307,            0.009307,            0.009307
                  23,            0.050727,            0.012959,           0.0035579,             0.25776,             0.51389,             0.31848,             0.13815,            0.055927,            0.010137,            0.016754,            0.009274,            0.009274,            0.009274
                  24,            0.043846,            0.012372,           0.0034008,             0.43657,             0.61111,              0.4308,             0.22855,            0.052752,            0.008069,             0.02137,            0.009241,            0.009241,            0.009241
                  25,            0.041984,            0.012952,           0.0035847,             0.60106,             0.68397,             0.53921,             0.25319,            0.048886,            0.007796,            0.018683,            0.009208,            0.009208,            0.009208
                  26,            0.036898,            0.012516,           0.0037002,             0.33525,             0.58099,              0.3157,              0.1618,               0.054,           0.0088806,            0.013748,            0.009175,            0.009175,            0.009175
                  27,            0.041421,            0.011335,           0.0032028,             0.56272,             0.50258,             0.50679,             0.32254,            0.050448,           0.0074718,            0.013331,            0.009142,            0.009142,            0.009142
                  28,            0.042451,            0.010811,           0.0034937,             0.67506,             0.67123,             0.60201,             0.31084,            0.041149,           0.0071819,            0.010239,            0.009109,            0.009109,            0.009109
                  29,             0.03627,            0.011217,           0.0028596,             0.59615,             0.71547,             0.56847,             0.27836,              0.0386,           0.0069274,           0.0036624,            0.009076,            0.009076,            0.009076
                  30,            0.033285,            0.010889,           0.0023377,             0.63202,             0.70833,             0.57313,             0.34934,            0.041363,           0.0069347,            0.010051,            0.009043,            0.009043,            0.009043
                  31,            0.035904,            0.010689,           0.0023057,             0.67673,             0.55116,             0.55479,             0.32958,             0.05326,           0.0061685,            0.014104,             0.00901,             0.00901,             0.00901
                  32,            0.038954,           0.0092923,           0.0028364,              0.6179,             0.61328,             0.55628,             0.36836,            0.044284,           0.0065032,            0.014333,            0.008977,            0.008977,            0.008977
                  33,            0.036747,           0.0095218,           0.0025203,             0.67635,             0.60749,             0.55877,             0.41472,            0.045297,           0.0062492,            0.017138,            0.008944,            0.008944,            0.008944
                  34,             0.03344,           0.0099372,           0.0027371,             0.83024,             0.59389,             0.62315,             0.45158,            0.047322,           0.0059861,            0.018143,            0.008911,            0.008911,            0.008911
                  35,             0.03874,           0.0088427,           0.0024917,             0.72843,             0.66667,             0.57011,             0.41729,            0.047553,           0.0060383,            0.013775,            0.008878,            0.008878,            0.008878
                  36,            0.033728,           0.0095959,           0.0021822,              0.6402,             0.72183,             0.54555,             0.28485,            0.043881,           0.0063586,             0.01728,            0.008845,            0.008845,            0.008845
                  37,            0.035627,           0.0078554,           0.0022519,             0.60796,             0.66384,             0.48611,             0.33545,            0.051694,            0.006384,             0.02167,            0.008812,            0.008812,            0.008812
                  38,            0.034952,           0.0086775,           0.0021215,             0.57977,             0.74289,             0.56736,             0.35714,            0.050542,           0.0062626,            0.012656,            0.008779,            0.008779,            0.008779
                  39,            0.033655,           0.0077311,           0.0021898,             0.89327,             0.57039,             0.68722,             0.48755,            0.045714,           0.0056014,            0.015973,            0.008746,            0.008746,            0.008746
                  40,            0.035432,           0.0081605,           0.0020088,              0.6438,             0.71306,               0.655,             0.43619,            0.054177,           0.0049169,             0.02364,            0.008713,            0.008713,            0.008713
                  41,            0.033918,           0.0080867,           0.0022697,             0.89461,             0.53267,             0.67055,             0.42117,            0.051101,             0.00505,            0.032263,             0.00868,             0.00868,             0.00868
                  42,            0.029785,            0.008282,           0.0024117,              0.6837,             0.69444,              0.5832,             0.35603,             0.04903,           0.0055641,             0.03081,            0.008647,            0.008647,            0.008647
                  43,            0.028727,           0.0076782,           0.0019488,             0.77265,             0.64583,             0.65804,             0.46026,            0.048815,           0.0051382,            0.033057,            0.008614,            0.008614,            0.008614
                  44,            0.032241,            0.008246,           0.0017566,             0.80985,             0.63624,             0.69963,             0.44824,            0.050147,           0.0054611,             0.03058,            0.008581,            0.008581,            0.008581
                  45,            0.032662,           0.0077264,           0.0016233,             0.58234,             0.68443,             0.63279,             0.44063,            0.044391,           0.0062055,            0.024662,            0.008548,            0.008548,            0.008548
                  46,            0.030704,           0.0071823,           0.0017364,             0.77754,             0.66956,             0.58069,             0.32084,            0.051235,           0.0063389,            0.022625,            0.008515,            0.008515,            0.008515
                  47,            0.033587,           0.0077196,            0.001843,             0.74296,             0.74827,             0.62728,             0.43928,            0.040092,           0.0059278,            0.018082,            0.008482,            0.008482,            0.008482
                  48,            0.031445,           0.0071555,           0.0017959,             0.85232,             0.74552,             0.70971,             0.46986,            0.046736,           0.0049593,            0.022937,            0.008449,            0.008449,            0.008449
                  49,            0.034079,           0.0078108,           0.0018832,             0.86279,             0.74558,             0.73825,             0.48835,            0.046395,           0.0043672,            0.025134,            0.008416,            0.008416,            0.008416
                  50,            0.027744,           0.0079841,           0.0022059,             0.84782,             0.71872,             0.74035,             0.51499,            0.045801,           0.0044649,            0.026234,            0.008383,            0.008383,            0.008383
                  51,            0.028639,           0.0076319,           0.0016475,             0.83388,             0.71657,             0.67185,             0.44171,             0.04898,           0.0043383,            0.027636,             0.00835,             0.00835,             0.00835
                  52,            0.030676,           0.0065558,            0.001469,             0.79231,             0.70728,              0.6135,             0.44849,            0.046494,           0.0044244,            0.028905,            0.008317,            0.008317,            0.008317
                  53,            0.029194,           0.0073431,           0.0017197,             0.82168,             0.69952,             0.64447,             0.42645,            0.050172,           0.0045471,            0.027329,            0.008284,            0.008284,            0.008284
                  54,            0.028796,           0.0067938,           0.0017926,              0.8622,             0.70289,             0.72917,             0.47564,            0.048082,           0.0044757,            0.024059,            0.008251,            0.008251,            0.008251
                  55,            0.027906,           0.0070452,           0.0018668,             0.87579,             0.70597,             0.72348,             0.54033,            0.043271,           0.0044979,            0.019715,            0.008218,            0.008218,            0.008218
                  56,            0.029054,           0.0063639,           0.0019356,             0.85282,             0.74501,             0.69963,             0.51271,            0.043772,           0.0045467,            0.020979,            0.008185,            0.008185,            0.008185
                  57,            0.028612,           0.0067585,           0.0019718,             0.82291,             0.73699,             0.65276,             0.41933,            0.041479,           0.0050534,            0.022287,            0.008152,            0.008152,            0.008152
                  58,            0.024605,           0.0069743,           0.0016917,             0.81636,             0.74118,             0.67382,             0.47422,            0.041049,           0.0053642,            0.020075,            0.008119,            0.008119,            0.008119
                  59,            0.025491,           0.0065938,           0.0017966,             0.71555,             0.73188,             0.71204,             0.39232,            0.041828,           0.0055112,             0.01437,            0.008086,            0.008086,            0.008086
                  60,            0.027481,           0.0064998,           0.0018044,             0.66721,                0.75,             0.70152,             0.42388,            0.043252,           0.0054805,            0.012917,            0.008053,            0.008053,            0.008053
                  61,            0.029227,           0.0067652,           0.0016852,             0.86441,             0.68094,             0.73216,             0.51036,            0.038407,           0.0055905,            0.012942,             0.00802,             0.00802,             0.00802
                  62,            0.026789,           0.0064344,           0.0017648,             0.65964,             0.73132,             0.68489,             0.36901,            0.038557,           0.0057227,           0.0044016,            0.007987,            0.007987,            0.007987
                  63,            0.028666,            0.006866,           0.0015525,              0.5229,             0.88583,             0.68309,             0.36364,             0.03533,           0.0059682,           0.0052862,            0.007954,            0.007954,            0.007954
                  64,            0.028501,           0.0062484,           0.0016324,             0.76591,             0.72735,             0.72667,             0.48254,            0.039151,           0.0060851,           0.0053164,            0.007921,            0.007921,            0.007921
                  65,            0.031812,           0.0070912,           0.0014832,             0.76998,             0.71063,             0.67642,             0.50491,            0.037988,           0.0061338,            0.012307,            0.007888,            0.007888,            0.007888
                  66,            0.024871,           0.0066162,           0.0015164,              0.7711,             0.73227,             0.66478,             0.43873,            0.040733,           0.0061088,            0.012893,            0.007855,            0.007855,            0.007855
                  67,            0.023587,           0.0060579,           0.0013759,             0.78015,             0.74732,             0.66262,             0.44762,            0.044553,           0.0057227,            0.018347,            0.007822,            0.007822,            0.007822
                  68,            0.027319,           0.0059327,           0.0017407,              0.8509,             0.76762,             0.70661,             0.48021,            0.040606,           0.0053215,            0.020554,            0.007789,            0.007789,            0.007789
                  69,            0.026501,           0.0059836,           0.0015768,             0.84479,                0.75,             0.72813,              0.4948,             0.03732,            0.005676,            0.016397,            0.007756,            0.007756,            0.007756
                  70,            0.023167,           0.0061805,           0.0015873,             0.81556,             0.71848,             0.73248,             0.47998,             0.04005,           0.0057202,            0.013937,            0.007723,            0.007723,            0.007723
                  71,            0.026932,           0.0059843,           0.0016551,             0.88953,             0.71046,              0.7616,             0.50989,            0.036612,           0.0053483,            0.013402,             0.00769,             0.00769,             0.00769
                  72,            0.024226,           0.0061522,           0.0015918,             0.89318,             0.73638,             0.77613,             0.53043,            0.036643,           0.0051012,            0.014903,            0.007657,            0.007657,            0.007657
                  73,            0.028169,           0.0059274,           0.0015154,             0.84212,             0.75431,             0.76659,             0.47058,            0.038881,           0.0052188,            0.014779,            0.007624,            0.007624,            0.007624
                  74,            0.027376,           0.0061771,            0.001497,             0.82308,             0.75381,             0.76462,             0.59437,            0.035279,           0.0050876,            0.015169,            0.007591,            0.007591,            0.007591
                  75,            0.022634,           0.0057396,            0.001329,             0.88754,             0.76769,             0.78058,             0.56236,            0.035079,           0.0051834,            0.013983,            0.007558,            0.007558,            0.007558
                  76,            0.024336,           0.0059412,           0.0014037,             0.86806,             0.77467,             0.77825,             0.55317,            0.036272,            0.005404,            0.014914,            0.007525,            0.007525,            0.007525
                  77,            0.026126,           0.0061544,           0.0017362,             0.87607,             0.74912,             0.76636,             0.58003,            0.038019,           0.0050058,            0.017731,            0.007492,            0.007492,            0.007492
                  78,            0.021282,           0.0056604,           0.0014809,             0.82732,             0.72222,              0.7427,             0.56556,            0.038599,           0.0056931,            0.017829,            0.007459,            0.007459,            0.007459
                  79,            0.021052,           0.0052178,           0.0012903,             0.79907,             0.74399,              0.6954,             0.45425,            0.041124,           0.0059028,            0.021264,            0.007426,            0.007426,            0.007426
                  80,              0.0261,           0.0058824,           0.0012347,             0.80616,                0.75,             0.69597,             0.49899,            0.041514,           0.0052323,            0.027175,            0.007393,            0.007393,            0.007393
                  81,            0.025479,           0.0061618,           0.0013697,             0.75573,             0.77276,             0.74369,             0.41731,            0.039558,           0.0053966,              0.0213,             0.00736,             0.00736,             0.00736
                  82,            0.021822,           0.0060268,           0.0014059,             0.82472,             0.76799,             0.74051,             0.59003,             0.03504,           0.0055511,            0.020848,            0.007327,            0.007327,            0.007327
                  83,            0.021816,           0.0054651,           0.0013687,             0.81329,             0.77778,             0.73539,             0.54968,            0.041084,           0.0053916,            0.024137,            0.007294,            0.007294,            0.007294
                  84,            0.022739,            0.005156,            0.001255,             0.82289,             0.76965,             0.73452,             0.55063,            0.045329,           0.0050158,             0.02607,            0.007261,            0.007261,            0.007261
                  85,            0.025949,           0.0060206,           0.0015137,             0.82039,             0.76791,             0.72382,              0.5216,            0.043329,           0.0049934,            0.029379,            0.007228,            0.007228,            0.007228
                  86,             0.02064,           0.0055416,           0.0012681,             0.79007,               0.732,             0.68867,             0.46734,            0.044954,            0.004989,            0.031719,            0.007195,            0.007195,            0.007195
                  87,            0.020462,           0.0052791,           0.0013235,             0.71866,             0.73387,             0.63799,             0.43642,            0.043091,           0.0051593,            0.032717,            0.007162,            0.007162,            0.007162
                  88,             0.02302,           0.0053154,           0.0012768,             0.71044,             0.73851,             0.61075,             0.46841,            0.041563,            0.005184,              0.0313,            0.007129,            0.007129,            0.007129
                  89,            0.023062,           0.0056295,           0.0011044,             0.77685,             0.77134,             0.63071,             0.45818,            0.040056,           0.0051157,            0.028248,            0.007096,            0.007096,            0.007096
                  90,            0.019295,           0.0057842,           0.0011325,             0.67882,             0.77778,             0.68935,             0.45988,            0.042677,           0.0050751,            0.024887,            0.007063,            0.007063,            0.007063
                  91,            0.022055,           0.0052318,           0.0011214,             0.82335,             0.77778,              0.7303,             0.47766,            0.042444,           0.0050324,            0.023939,             0.00703,             0.00703,             0.00703
                  92,            0.021147,           0.0054741,           0.0011622,             0.81065,             0.77581,             0.73505,             0.50619,            0.040181,           0.0048252,            0.024749,            0.006997,            0.006997,            0.006997
                  93,            0.021215,           0.0052879,           0.0012992,             0.81672,             0.76793,              0.7121,             0.55651,            0.039376,           0.0049015,            0.023484,            0.006964,            0.006964,            0.006964
                  94,            0.018988,           0.0056794,           0.0011898,             0.82218,             0.77685,             0.70927,             0.52394,            0.042751,           0.0054178,            0.021311,            0.006931,            0.006931,            0.006931
                  95,             0.02388,           0.0055823,           0.0011705,             0.80338,             0.77778,             0.70942,             0.49073,            0.039779,           0.0056393,            0.019166,            0.006898,            0.006898,            0.006898
                  96,            0.021116,           0.0055695,           0.0012194,             0.86502,             0.76647,             0.75443,             0.57865,            0.034936,           0.0056582,            0.013697,            0.006865,            0.006865,            0.006865
                  97,            0.021518,           0.0057961,           0.0012328,             0.88298,             0.75019,             0.77016,             0.44536,            0.038354,           0.0055352,            0.013875,            0.006832,            0.006832,            0.006832
                  98,            0.019899,           0.0049468,           0.0011183,             0.80549,             0.78047,             0.72329,             0.47396,             0.03666,           0.0055174,            0.018298,            0.006799,            0.006799,            0.006799
                  99,            0.021241,           0.0048981,           0.0011015,             0.77775,                0.75,             0.60858,             0.44976,            0.042208,           0.0058564,            0.021529,            0.006766,            0.006766,            0.006766
                 100,             0.02086,           0.0045394,            0.001178,             0.77868,             0.72222,             0.62996,             0.48986,            0.041142,            0.005571,            0.022774,            0.006733,            0.006733,            0.006733
                 101,            0.021639,            0.005047,           0.0013239,             0.80941,             0.69444,             0.69049,             0.51744,            0.041401,           0.0052763,            0.024612,              0.0067,              0.0067,              0.0067
                 102,            0.019274,           0.0052301,           0.0012733,             0.80819,             0.69444,              0.6829,             0.43211,            0.038624,           0.0056829,            0.022186,            0.006667,            0.006667,            0.006667
                 103,            0.019296,           0.0052315,            0.001172,             0.82696,             0.74637,             0.70201,             0.50718,            0.039666,           0.0058922,            0.018916,            0.006634,            0.006634,            0.006634
                 104,            0.022104,           0.0053403,           0.0012976,             0.82019,             0.69444,             0.67009,             0.51868,            0.037096,           0.0058017,            0.020363,            0.006601,            0.006601,            0.006601
                 105,             0.02045,           0.0053397,           0.0012489,             0.78795,                0.75,             0.67922,              0.4933,            0.038848,           0.0057939,            0.021495,            0.006568,            0.006568,            0.006568
                 106,            0.018166,            0.005041,           0.0012358,             0.79399,             0.77056,             0.68871,             0.54492,            0.038741,           0.0056735,            0.022051,            0.006535,            0.006535,            0.006535
                 107,            0.020025,           0.0048551,           0.0012368,             0.79972,             0.77778,             0.68031,             0.49975,            0.038894,            0.005705,            0.020858,            0.006502,            0.006502,            0.006502
                 108,            0.020112,           0.0052564,           0.0011054,             0.83976,             0.70933,             0.66681,             0.46761,            0.039828,            0.005443,              0.0218,            0.006469,            0.006469,            0.006469
                 109,            0.022279,            0.004792,           0.0011318,             0.80768,             0.72222,             0.64971,             0.46439,            0.044286,           0.0053328,            0.021021,            0.006436,            0.006436,            0.006436
                 110,            0.021319,           0.0052573,             0.00112,             0.80323,             0.72222,             0.66886,              0.5236,             0.04385,           0.0050861,            0.025526,            0.006403,            0.006403,            0.006403
                 111,             0.02068,           0.0049974,           0.0010429,             0.79338,                0.75,             0.71189,             0.50415,            0.038108,           0.0055219,            0.021049,             0.00637,             0.00637,             0.00637
                 112,            0.019665,           0.0049165,           0.0010572,             0.85991,             0.63039,             0.69803,             0.55368,            0.038566,           0.0059646,            0.019283,            0.006337,            0.006337,            0.006337
                 113,            0.019936,           0.0050102,           0.0010228,             0.77323,             0.77778,             0.69616,              0.5482,            0.037799,           0.0061277,            0.016868,            0.006304,            0.006304,            0.006304
                 114,            0.018377,           0.0049162,           0.0013011,             0.79016,             0.76291,             0.70849,             0.53305,            0.036924,           0.0059508,            0.019343,            0.006271,            0.006271,            0.006271
                 115,            0.018536,           0.0057826,           0.0011373,             0.83406,             0.72906,             0.72743,             0.50299,            0.042046,           0.0049028,            0.025708,            0.006238,            0.006238,            0.006238
                 116,            0.018955,            0.005046,            0.001141,             0.87619,             0.73315,             0.73579,               0.557,            0.040165,           0.0045168,            0.029279,            0.006205,            0.006205,            0.006205
                 117,            0.018695,           0.0053818,           0.0011407,             0.80867,             0.75455,             0.67748,             0.50464,            0.043814,           0.0047527,            0.029307,            0.006172,            0.006172,            0.006172
                 118,            0.020153,           0.0046488,           0.0010062,             0.82498,             0.75592,             0.70726,               0.573,            0.041923,           0.0047026,            0.029161,            0.006139,            0.006139,            0.006139
                 119,            0.019174,           0.0051694,           0.0010704,             0.88072,             0.73675,             0.72743,             0.52315,            0.042208,            0.004506,            0.028434,            0.006106,            0.006106,            0.006106
                 120,            0.020609,           0.0046927,           0.0010683,             0.86574,             0.73882,             0.71836,             0.52595,            0.042195,           0.0044771,            0.027625,            0.006073,            0.006073,            0.006073
                 121,            0.022877,           0.0054548,            0.001052,             0.81974,             0.73562,             0.68566,              0.5287,            0.044401,            0.004538,            0.027168,             0.00604,             0.00604,             0.00604
                 122,            0.019049,           0.0052558,          0.00099148,             0.88188,             0.70083,             0.71836,             0.50335,            0.042402,           0.0042655,            0.027948,            0.006007,            0.006007,            0.006007
                 123,            0.016842,           0.0046344,          0.00098631,             0.90728,             0.71619,             0.72733,             0.55345,            0.044125,           0.0043762,            0.026947,            0.005974,            0.005974,            0.005974
                 124,            0.020101,           0.0051422,          0.00096088,             0.90595,             0.71427,             0.72056,             0.54058,            0.041541,           0.0043577,            0.027105,            0.005941,            0.005941,            0.005941
                 125,            0.018797,           0.0051238,          0.00092617,             0.90213,             0.73817,             0.72647,             0.57338,            0.043399,           0.0043488,            0.027365,            0.005908,            0.005908,            0.005908
                 126,            0.017678,           0.0048747,          0.00098726,             0.86147,             0.73661,             0.71532,             0.53447,            0.041933,           0.0045027,             0.02815,            0.005875,            0.005875,            0.005875
                 127,            0.016687,           0.0046938,            0.000973,             0.85473,             0.76572,             0.68875,              0.5322,            0.042624,           0.0044436,            0.028742,            0.005842,            0.005842,            0.005842
                 128,            0.019189,           0.0051305,          0.00099187,             0.85297,             0.76881,             0.68887,             0.53017,            0.044005,           0.0044593,            0.029721,            0.005809,            0.005809,            0.005809
                 129,            0.020486,           0.0050247,           0.0009707,             0.83488,              0.7405,             0.67835,             0.50474,            0.043493,           0.0044628,            0.030513,            0.005776,            0.005776,            0.005776
                 130,            0.016365,           0.0045993,          0.00094372,             0.81301,             0.77645,             0.68077,             0.50285,            0.041688,           0.0045637,            0.029391,            0.005743,            0.005743,            0.005743
                 131,             0.01623,           0.0045615,          0.00097627,             0.78058,             0.76789,             0.67145,             0.47936,            0.044133,           0.0050127,            0.027631,             0.00571,             0.00571,             0.00571
                 132,             0.02083,           0.0047979,          0.00091104,             0.76869,              0.7437,             0.67895,             0.51854,            0.047727,           0.0051142,            0.026642,            0.005677,            0.005677,            0.005677
                 133,            0.022701,           0.0043724,           0.0009271,             0.81456,             0.66302,             0.68384,             0.48085,            0.043751,           0.0051846,            0.025545,            0.005644,            0.005644,            0.005644
                 134,            0.016517,           0.0045045,          0.00097127,             0.78543,             0.73201,             0.67657,              0.5001,            0.039067,           0.0050591,            0.024149,            0.005611,            0.005611,            0.005611
                 135,            0.017292,           0.0051546,           0.0011117,             0.78342,             0.76457,              0.6671,             0.53661,            0.042033,           0.0052556,            0.024119,            0.005578,            0.005578,            0.005578
                 136,            0.019939,           0.0049118,          0.00096386,             0.78579,             0.77778,             0.68281,             0.56487,            0.040801,           0.0053628,            0.023565,            0.005545,            0.005545,            0.005545
                 137,            0.019803,           0.0046456,          0.00092525,             0.80027,             0.75483,             0.70638,             0.57824,            0.038645,            0.005225,            0.025325,            0.005512,            0.005512,            0.005512
                 138,            0.015931,            0.004839,          0.00093578,              0.8118,             0.73641,             0.71827,             0.55214,            0.039361,           0.0051916,            0.026049,            0.005479,            0.005479,            0.005479
                 139,            0.016142,           0.0046546,          0.00079518,             0.81889,               0.742,              0.6941,             0.54352,            0.040478,            0.005392,            0.023421,            0.005446,            0.005446,            0.005446
                 140,            0.018259,           0.0050662,          0.00085844,             0.82648,             0.74383,             0.69937,             0.55526,            0.040096,           0.0052215,            0.024496,            0.005413,            0.005413,            0.005413
                 141,             0.01699,           0.0047485,          0.00086116,             0.80922,             0.77076,             0.69426,              0.5187,            0.041371,           0.0052375,            0.023168,             0.00538,             0.00538,             0.00538
                 142,            0.017651,           0.0047067,          0.00087243,             0.80525,             0.77541,             0.68213,             0.50832,            0.040165,           0.0051503,            0.023945,            0.005347,            0.005347,            0.005347
                 143,            0.015883,            0.004773,          0.00097704,             0.77807,             0.77778,              0.6895,              0.5008,             0.04182,           0.0048623,            0.024074,            0.005314,            0.005314,            0.005314
                 144,             0.01805,           0.0052175,           0.0010069,              0.8353,             0.75381,             0.69117,             0.49856,            0.040961,           0.0049812,            0.024276,            0.005281,            0.005281,            0.005281
                 145,            0.017934,           0.0047279,           0.0009344,             0.84244,             0.75429,              0.6976,             0.55439,            0.041237,           0.0049907,            0.025019,            0.005248,            0.005248,            0.005248
                 146,            0.015785,           0.0048219,          0.00096593,             0.82947,             0.76769,             0.71509,             0.55313,            0.039531,           0.0051987,            0.024155,            0.005215,            0.005215,            0.005215
                 147,            0.016683,           0.0043775,          0.00095364,               0.867,             0.76278,             0.72643,             0.51826,             0.03936,           0.0052537,            0.021873,            0.005182,            0.005182,            0.005182
                 148,            0.018558,           0.0045232,          0.00090314,             0.85353,             0.75879,             0.74284,             0.56342,            0.040637,           0.0054636,            0.020432,            0.005149,            0.005149,            0.005149
                 149,            0.018148,           0.0049087,          0.00081634,             0.85343,              0.7598,             0.74535,             0.62479,            0.036828,            0.005486,            0.019603,            0.005116,            0.005116,            0.005116
                 150,            0.015121,            0.004197,          0.00082434,             0.84739,             0.76214,             0.75352,              0.5901,            0.037958,           0.0056629,             0.01776,            0.005083,            0.005083,            0.005083
                 151,            0.017471,           0.0046644,          0.00084771,             0.86807,             0.75803,             0.74183,             0.57356,            0.038788,           0.0055796,            0.017175,             0.00505,             0.00505,             0.00505
                 152,            0.018068,           0.0041054,          0.00079414,             0.83668,             0.77778,             0.74237,             0.55135,            0.039361,           0.0054172,            0.019146,            0.005017,            0.005017,            0.005017
                 153,            0.017343,            0.005024,          0.00082167,             0.82835,                0.75,             0.72616,             0.50419,            0.043145,           0.0051576,            0.023767,            0.004984,            0.004984,            0.004984
                 154,            0.016683,           0.0045542,          0.00092204,             0.81974,             0.77778,             0.71407,             0.54426,            0.041437,           0.0052145,            0.022037,            0.004951,            0.004951,            0.004951
                 155,            0.015467,           0.0044229,          0.00091452,             0.82212,             0.77778,             0.71546,             0.58788,            0.040105,           0.0053511,            0.022753,            0.004918,            0.004918,            0.004918
                 156,            0.016163,           0.0046507,          0.00085611,              0.7903,             0.77778,             0.72692,             0.57742,            0.039053,           0.0054355,            0.022285,            0.004885,            0.004885,            0.004885
                 157,            0.017321,           0.0047819,          0.00081753,             0.79832,                0.75,             0.71514,             0.59674,            0.037833,           0.0057773,            0.021189,            0.004852,            0.004852,            0.004852
                 158,            0.016617,           0.0045655,          0.00088412,             0.79502,             0.74825,             0.70224,             0.56866,            0.038456,           0.0057452,            0.022559,            0.004819,            0.004819,            0.004819
                 159,             0.01473,           0.0044543,          0.00088265,             0.78977,             0.74908,             0.69103,             0.59631,            0.035609,            0.005738,            0.021819,            0.004786,            0.004786,            0.004786
                 160,            0.014135,            0.004006,          0.00087526,             0.79524,             0.74632,             0.69268,             0.57943,            0.035721,            0.005719,            0.021554,            0.004753,            0.004753,            0.004753
                 161,            0.015584,           0.0043569,          0.00085108,             0.77749,             0.75732,             0.68246,             0.52474,            0.034503,           0.0059908,            0.020044,             0.00472,             0.00472,             0.00472
                 162,            0.013941,             0.00472,          0.00077958,             0.79033,             0.77778,             0.70213,             0.60758,            0.033924,           0.0060104,            0.018214,            0.004687,            0.004687,            0.004687
                 163,            0.015169,           0.0041267,          0.00079976,             0.80167,             0.77778,             0.72361,             0.56945,            0.033987,           0.0059508,            0.017333,            0.004654,            0.004654,            0.004654
                 164,            0.015676,           0.0042861,          0.00077513,             0.80615,             0.75037,             0.72752,             0.58263,             0.03681,           0.0060092,            0.015992,            0.004621,            0.004621,            0.004621
                 165,            0.018262,           0.0046055,          0.00076152,             0.81669,             0.77221,             0.73189,             0.51967,            0.034203,           0.0059445,            0.015932,            0.004588,            0.004588,            0.004588
                 166,            0.015564,           0.0050447,          0.00086448,             0.80769,             0.77562,             0.74934,             0.63391,            0.033308,           0.0058355,            0.017483,            0.004555,            0.004555,            0.004555
                 167,            0.013765,           0.0039341,          0.00075089,             0.81102,             0.77778,             0.75048,             0.60964,            0.033942,           0.0061464,             0.01722,            0.004522,            0.004522,            0.004522
                 168,            0.015789,           0.0043327,          0.00070672,             0.80082,             0.77971,             0.74862,             0.60116,            0.034775,           0.0062497,             0.01784,            0.004489,            0.004489,            0.004489
                 169,            0.016154,           0.0047941,          0.00072762,             0.81905,             0.75483,             0.74172,             0.60595,            0.036468,           0.0059652,            0.019747,            0.004456,            0.004456,            0.004456
                 170,            0.014396,            0.004498,          0.00076873,             0.82505,             0.77511,             0.75031,             0.60535,            0.035975,           0.0055253,            0.022406,            0.004423,            0.004423,            0.004423
                 171,            0.014594,           0.0040912,          0.00077722,             0.82128,             0.77164,             0.75268,             0.62137,            0.036624,           0.0052044,            0.024233,             0.00439,             0.00439,             0.00439
                 172,            0.015886,           0.0048075,          0.00071089,              0.8212,             0.77179,             0.75316,             0.64105,             0.03653,           0.0051576,            0.024493,            0.004357,            0.004357,            0.004357
                 173,            0.016623,           0.0046028,          0.00074044,             0.84105,             0.76462,             0.75803,              0.6328,            0.035881,           0.0050198,            0.023234,            0.004324,            0.004324,            0.004324
                 174,            0.014604,           0.0042855,          0.00080894,             0.87602,             0.76681,             0.76417,              0.6519,            0.035794,           0.0052406,            0.020845,            0.004291,            0.004291,            0.004291
                 175,            0.013421,            0.004095,          0.00078887,             0.84485,                0.75,             0.74524,             0.58382,             0.03503,           0.0056941,            0.019646,            0.004258,            0.004258,            0.004258
                 176,            0.016634,            0.004574,          0.00074322,             0.84749,                0.75,             0.73518,             0.56142,            0.036017,           0.0058376,            0.019137,            0.004225,            0.004225,            0.004225
                 177,            0.018343,           0.0044333,          0.00077261,             0.84894,                0.75,             0.73313,             0.59459,            0.036325,           0.0058441,            0.018995,            0.004192,            0.004192,            0.004192
                 178,             0.01463,           0.0044228,          0.00074045,             0.84037,                0.75,             0.73507,             0.58256,            0.036049,           0.0057909,            0.019997,            0.004159,            0.004159,            0.004159
                 179,            0.013175,            0.004365,          0.00072042,             0.82144,                0.75,             0.74245,              0.5711,            0.037293,           0.0055252,            0.021134,            0.004126,            0.004126,            0.004126
                 180,            0.014597,           0.0041602,          0.00068356,             0.81251,             0.76679,             0.73727,             0.60976,            0.036322,           0.0052374,            0.022963,            0.004093,            0.004093,            0.004093
                 181,            0.015479,           0.0044873,          0.00070735,              0.8215,                0.75,             0.73722,             0.60265,             0.03899,            0.005145,             0.02553,             0.00406,             0.00406,             0.00406
                 182,             0.01357,           0.0042498,          0.00077236,             0.82883,             0.74958,             0.72464,             0.58236,            0.037506,            0.005331,            0.025338,            0.004027,            0.004027,            0.004027
                 183,            0.013129,            0.004315,          0.00071677,             0.83173,                0.75,             0.70799,             0.59197,            0.037647,           0.0055107,            0.023712,            0.003994,            0.003994,            0.003994
                 184,            0.015584,           0.0044686,          0.00078943,             0.83027,                0.75,             0.72284,             0.59508,            0.035402,           0.0055043,            0.023017,            0.003961,            0.003961,            0.003961
                 185,            0.014306,           0.0044163,          0.00070877,             0.83134,             0.77668,             0.74135,              0.6203,            0.035236,           0.0056772,            0.021684,            0.003928,            0.003928,            0.003928
                 186,            0.013183,           0.0044031,          0.00073896,             0.81168,             0.77778,             0.72758,             0.58582,            0.035409,            0.005844,              0.0217,            0.003895,            0.003895,            0.003895
                 187,            0.012855,           0.0037892,          0.00072856,             0.80808,                0.75,             0.72083,             0.58486,            0.036378,           0.0059203,            0.023166,            0.003862,            0.003862,            0.003862
                 188,            0.014649,            0.004008,          0.00071902,              0.8253,             0.74887,             0.71833,              0.5662,            0.035961,           0.0059236,            0.022754,            0.003829,            0.003829,            0.003829
                 189,            0.014849,           0.0039619,          0.00067297,              0.7996,             0.77309,             0.71136,             0.52389,            0.035849,           0.0057774,            0.023014,            0.003796,            0.003796,            0.003796
                 190,            0.013215,           0.0039093,          0.00070187,             0.81593,             0.77778,             0.70874,             0.50739,            0.036575,           0.0056376,             0.02342,            0.003763,            0.003763,            0.003763
                 191,            0.012496,           0.0040254,          0.00068012,              0.8139,             0.77778,              0.7147,              0.5693,            0.036609,           0.0056417,            0.022831,             0.00373,             0.00373,             0.00373
                 192,              0.0132,           0.0036682,          0.00067293,             0.82773,             0.77764,             0.72309,             0.57111,            0.034844,           0.0057943,            0.021631,            0.003697,            0.003697,            0.003697
                 193,            0.014746,           0.0040976,          0.00064915,             0.81968,                0.75,             0.71873,              0.5747,            0.035582,           0.0059015,            0.021787,            0.003664,            0.003664,            0.003664
                 194,            0.013617,           0.0039652,          0.00064871,             0.82142,             0.75636,             0.70849,             0.59809,            0.034983,           0.0058787,            0.022153,            0.003631,            0.003631,            0.003631
                 195,            0.013351,           0.0038035,          0.00062109,              0.8326,             0.77778,             0.72305,             0.58283,            0.035981,           0.0057757,            0.021773,            0.003598,            0.003598,            0.003598
                 196,            0.014646,           0.0041111,          0.00067153,             0.82193,             0.77753,             0.73973,             0.59195,            0.036559,           0.0056665,            0.022615,            0.003565,            0.003565,            0.003565
                 197,            0.012683,           0.0042085,          0.00068298,             0.84326,             0.76183,             0.74269,             0.60043,            0.035753,           0.0058158,            0.022031,            0.003532,            0.003532,            0.003532
                 198,            0.011155,           0.0039936,           0.0006977,             0.80348,             0.77605,             0.74442,             0.58308,            0.034243,           0.0060252,            0.020496,            0.003499,            0.003499,            0.003499
                 199,            0.011987,           0.0039795,          0.00069988,             0.79711,             0.77461,             0.74572,             0.61473,            0.034623,           0.0060247,            0.021318,            0.003466,            0.003466,            0.003466
                 200,            0.013003,           0.0038368,          0.00061151,             0.79477,               0.774,             0.75139,             0.61856,            0.034328,           0.0060048,            0.022568,            0.003433,            0.003433,            0.003433
                 201,            0.013933,           0.0037611,          0.00064632,             0.83372,             0.76986,             0.75464,             0.60234,            0.035602,           0.0061036,            0.022506,              0.0034,              0.0034,              0.0034
                 202,             0.01081,           0.0038056,          0.00059403,             0.84197,             0.77154,             0.74564,             0.60762,            0.033932,            0.005926,            0.023584,            0.003367,            0.003367,            0.003367
                 203,            0.011323,           0.0036424,          0.00062067,             0.84301,             0.77391,             0.73254,             0.61221,            0.033992,           0.0058734,            0.024531,            0.003334,            0.003334,            0.003334
                 204,            0.012823,            0.003747,          0.00058791,              0.8461,              0.7762,              0.7367,             0.60856,            0.034352,           0.0058625,             0.02555,            0.003301,            0.003301,            0.003301
                 205,            0.013708,           0.0040072,           0.0005096,              0.8488,             0.77484,             0.73404,             0.61421,            0.034774,           0.0059673,            0.025802,            0.003268,            0.003268,            0.003268
                 206,            0.012142,           0.0039927,          0.00061661,              0.8473,             0.76877,              0.7422,             0.60563,            0.035806,           0.0057211,            0.026959,            0.003235,            0.003235,            0.003235
                 207,            0.012782,           0.0040061,          0.00052848,             0.82368,             0.77778,              0.7418,              0.6054,            0.036541,           0.0054586,            0.028061,            0.003202,            0.003202,            0.003202
                 208,            0.012335,           0.0035052,          0.00056244,              0.8406,             0.77574,             0.74902,             0.61061,            0.037092,           0.0052725,            0.028248,            0.003169,            0.003169,            0.003169
                 209,            0.012878,           0.0038532,          0.00057601,             0.83637,             0.77778,             0.74537,              0.6063,            0.037152,           0.0051171,            0.028767,            0.003136,            0.003136,            0.003136
                 210,            0.010742,           0.0038768,          0.00057387,             0.83203,             0.77277,             0.74332,             0.62651,             0.03699,           0.0053025,            0.028154,            0.003103,            0.003103,            0.003103
                 211,            0.011028,           0.0035054,          0.00054429,              0.8447,             0.76444,             0.73903,             0.64324,            0.036264,           0.0055199,            0.027044,             0.00307,             0.00307,             0.00307
                 212,             0.01141,           0.0039224,            0.000568,             0.84204,             0.76613,             0.74127,             0.62201,            0.035148,            0.005576,            0.025852,            0.003037,            0.003037,            0.003037
                 213,             0.01247,             0.00377,          0.00063079,             0.82059,             0.77018,             0.71976,             0.58292,            0.036706,           0.0055507,            0.026495,            0.003004,            0.003004,            0.003004
                 214,            0.011379,           0.0040086,          0.00059195,             0.81672,             0.77347,             0.70828,             0.57969,            0.037229,           0.0056695,            0.027455,            0.002971,            0.002971,            0.002971
                 215,            0.012413,           0.0041612,            0.000506,             0.81718,             0.77467,             0.70786,             0.56097,            0.036953,           0.0057861,              0.0271,            0.002938,            0.002938,            0.002938
                 216,             0.01248,           0.0040994,          0.00052494,             0.81568,             0.77778,             0.70603,             0.57384,            0.036948,            0.005687,            0.027894,            0.002905,            0.002905,            0.002905
                 217,            0.013522,           0.0042995,           0.0005094,             0.80942,             0.77142,             0.72927,              0.6045,            0.037874,           0.0055386,            0.029243,            0.002872,            0.002872,            0.002872
                 218,            0.010355,           0.0036184,          0.00054143,             0.84933,             0.77778,             0.73577,             0.62635,            0.036755,           0.0056245,             0.02771,            0.002839,            0.002839,            0.002839
                 219,            0.010888,           0.0037483,          0.00059045,             0.84036,             0.77778,             0.73419,             0.62795,            0.036119,           0.0057544,            0.025755,            0.002806,            0.002806,            0.002806
                 220,            0.011956,           0.0035106,          0.00067534,             0.84011,             0.77778,             0.74426,             0.62549,            0.035912,           0.0058219,            0.024923,            0.002773,            0.002773,            0.002773
                 221,            0.012631,           0.0039298,          0.00054604,             0.84231,             0.77778,             0.74756,             0.62119,            0.035245,           0.0057784,            0.024587,             0.00274,             0.00274,             0.00274
                 222,            0.010565,           0.0033212,          0.00052542,             0.84103,             0.77778,             0.75467,             0.61819,            0.035098,           0.0057777,            0.023928,            0.002707,            0.002707,            0.002707
                 223,            0.011011,            0.003703,          0.00054241,             0.84228,             0.77778,             0.74909,             0.58364,            0.034397,           0.0058224,            0.023071,            0.002674,            0.002674,            0.002674
                 224,            0.011514,           0.0041286,          0.00060767,             0.84324,             0.77778,             0.74029,             0.61459,            0.033406,           0.0059205,            0.022563,            0.002641,            0.002641,            0.002641
                 225,            0.011114,           0.0034541,          0.00053142,              0.8457,             0.77778,             0.73615,             0.60907,            0.034545,           0.0058736,            0.023054,            0.002608,            0.002608,            0.002608
                 226,            0.010172,            0.003565,          0.00050358,             0.84052,             0.77778,             0.72014,             0.58894,            0.034572,           0.0058933,            0.023719,            0.002575,            0.002575,            0.002575
                 227,            0.010029,           0.0035731,          0.00046359,             0.84136,             0.77778,             0.70504,             0.59227,             0.03572,            0.005753,            0.025425,            0.002542,            0.002542,            0.002542
                 228,            0.010172,           0.0036366,          0.00043584,             0.83682,             0.77778,             0.69454,             0.58751,            0.035566,           0.0057698,            0.025628,            0.002509,            0.002509,            0.002509
                 229,            0.010595,           0.0038721,          0.00046284,             0.83301,             0.77778,             0.69519,             0.57745,            0.036785,           0.0058136,            0.026128,            0.002476,            0.002476,            0.002476
                 230,            0.010043,           0.0033462,          0.00044949,             0.84203,             0.77778,             0.70723,             0.58324,            0.035921,           0.0058886,            0.025638,            0.002443,            0.002443,            0.002443
                 231,            0.010504,           0.0033829,          0.00042147,             0.84414,             0.77778,             0.71856,             0.60282,            0.035367,           0.0057244,             0.02621,             0.00241,             0.00241,             0.00241
                 232,            0.010415,           0.0035645,          0.00044157,             0.84485,             0.77778,             0.72401,             0.59862,             0.03517,           0.0056493,             0.02624,            0.002377,            0.002377,            0.002377
                 233,            0.011281,           0.0035255,          0.00043271,             0.85019,             0.77778,             0.73778,             0.60994,              0.0356,           0.0056507,            0.025962,            0.002344,            0.002344,            0.002344
                 234,           0.0098694,            0.003368,          0.00042988,             0.84754,             0.77778,             0.74075,             0.62676,            0.035442,           0.0055795,            0.025836,            0.002311,            0.002311,            0.002311
                 235,            0.010333,           0.0036185,          0.00044428,             0.84674,             0.77778,             0.73987,             0.60294,            0.035672,           0.0055062,            0.025921,            0.002278,            0.002278,            0.002278
                 236,            0.010621,           0.0038534,           0.0004313,             0.83585,             0.77778,             0.75235,             0.62826,            0.035252,             0.00537,            0.026347,            0.002245,            0.002245,            0.002245
                 237,            0.010728,           0.0034244,          0.00044444,              0.8363,             0.77778,             0.74853,             0.62117,            0.035181,           0.0054616,             0.02697,            0.002212,            0.002212,            0.002212
                 238,           0.0096245,           0.0034987,           0.0004212,             0.83834,             0.77778,             0.74379,             0.60948,            0.035124,           0.0055403,             0.02687,            0.002179,            0.002179,            0.002179
                 239,           0.0097216,            0.003361,          0.00046656,             0.84034,             0.77778,             0.74164,             0.64266,             0.03575,           0.0055877,            0.027095,            0.002146,            0.002146,            0.002146
                 240,            0.010173,           0.0032484,          0.00044789,             0.83826,             0.77778,              0.7442,             0.63042,              0.0358,           0.0056619,            0.027342,            0.002113,            0.002113,            0.002113
                 241,            0.010351,            0.003792,          0.00052547,              0.8347,             0.77778,             0.73992,             0.62018,            0.036082,           0.0056883,            0.028083,             0.00208,             0.00208,             0.00208
                 242,            0.009336,           0.0036791,          0.00045009,             0.83158,             0.77417,             0.73555,             0.62092,            0.035975,           0.0056956,            0.027667,            0.002047,            0.002047,            0.002047
                 243,           0.0093747,           0.0033518,          0.00041401,             0.82904,             0.77446,             0.73579,             0.62317,            0.035324,           0.0058099,            0.027175,            0.002014,            0.002014,            0.002014
                 244,           0.0096063,           0.0037814,           0.0004422,             0.82068,             0.77778,             0.73618,             0.59792,            0.035703,           0.0058349,            0.027259,            0.001981,            0.001981,            0.001981
                 245,           0.0093112,           0.0031381,          0.00042656,             0.83242,             0.77164,             0.73522,             0.59456,            0.035274,           0.0058374,            0.027108,            0.001948,            0.001948,            0.001948
                 246,           0.0098758,           0.0038138,          0.00040883,             0.82973,             0.77007,             0.74411,             0.60815,            0.034975,           0.0058534,            0.025952,            0.001915,            0.001915,            0.001915
                 247,           0.0095436,            0.003747,          0.00038511,             0.81993,             0.77778,             0.74625,             0.61556,            0.035333,           0.0058623,            0.025343,            0.001882,            0.001882,            0.001882
                 248,           0.0096962,           0.0033569,          0.00037294,             0.82169,             0.77778,             0.74607,             0.61121,             0.03565,           0.0059297,              0.0254,            0.001849,            0.001849,            0.001849
                 249,            0.010272,           0.0036874,          0.00040206,             0.82545,             0.78261,             0.75245,             0.61464,            0.035561,           0.0059496,            0.024985,            0.001816,            0.001816,            0.001816
                 250,            0.010223,           0.0038342,          0.00042024,              0.8523,             0.77059,             0.74782,             0.60214,            0.034987,           0.0058477,            0.024617,            0.001783,            0.001783,            0.001783
                 251,            0.008888,           0.0030734,          0.00036389,             0.85142,             0.76719,             0.74606,             0.60776,            0.035858,           0.0059079,              0.0247,             0.00175,             0.00175,             0.00175
                 252,            0.009109,           0.0038289,          0.00035625,             0.84943,              0.7753,             0.74348,             0.61862,            0.035065,           0.0059157,            0.024799,            0.001717,            0.001717,            0.001717
                 253,           0.0099948,           0.0033841,          0.00036273,             0.84262,             0.77778,             0.73724,             0.59859,            0.035211,           0.0058785,            0.025564,            0.001684,            0.001684,            0.001684
                 254,           0.0096692,            0.003346,          0.00033977,             0.84628,             0.77778,              0.7346,             0.59296,            0.034708,           0.0058303,            0.025896,            0.001651,            0.001651,            0.001651
                 255,           0.0093523,           0.0036541,          0.00034138,             0.84099,             0.77778,             0.72943,              0.6043,            0.035257,           0.0057549,            0.027202,            0.001618,            0.001618,            0.001618
                 256,           0.0091585,            0.003661,          0.00039674,             0.84196,             0.77778,             0.72398,             0.59104,            0.035754,           0.0058562,            0.027429,            0.001585,            0.001585,            0.001585
                 257,           0.0089541,           0.0033893,          0.00034049,             0.83542,             0.75483,             0.72042,             0.59119,            0.036139,           0.0060572,            0.026562,            0.001552,            0.001552,            0.001552
                 258,           0.0087725,           0.0034122,          0.00037319,             0.83558,                0.75,             0.72114,             0.58444,            0.036255,           0.0060886,               0.027,            0.001519,            0.001519,            0.001519
                 259,           0.0086982,           0.0033597,          0.00031496,             0.83053,             0.75483,             0.72582,             0.58831,            0.036218,           0.0061518,            0.026818,            0.001486,            0.001486,            0.001486
                 260,           0.0088583,           0.0036737,           0.0003039,              0.8065,             0.78261,             0.72593,             0.59375,            0.036802,            0.006122,            0.027168,            0.001453,            0.001453,            0.001453
                 261,           0.0091133,            0.003282,          0.00030968,             0.82175,             0.78261,              0.7168,             0.60837,            0.036096,           0.0060516,            0.028727,             0.00142,             0.00142,             0.00142
                 262,           0.0092893,           0.0034956,          0.00032911,             0.81708,             0.77778,             0.70682,             0.60319,            0.036465,           0.0060205,            0.029329,            0.001387,            0.001387,            0.001387
                 263,           0.0085438,           0.0030313,          0.00032331,             0.81379,             0.77778,             0.70739,             0.58732,            0.036708,           0.0059579,            0.029494,            0.001354,            0.001354,            0.001354
                 264,           0.0094329,           0.0031874,          0.00037277,             0.84403,             0.75183,             0.71641,             0.58862,            0.036254,           0.0059579,            0.029643,            0.001321,            0.001321,            0.001321
                 265,           0.0087555,           0.0032801,          0.00030454,              0.8422,             0.75169,             0.72053,             0.58958,            0.035916,            0.005892,            0.030232,            0.001288,            0.001288,            0.001288
                 266,           0.0090185,             0.00346,          0.00029308,             0.83657,             0.75393,             0.72482,             0.62624,            0.036615,           0.0057222,            0.031391,            0.001255,            0.001255,            0.001255
                 267,           0.0083465,           0.0031132,            0.000293,             0.81396,             0.76881,             0.72667,             0.61001,             0.03692,           0.0055873,             0.03187,            0.001222,            0.001222,            0.001222
                 268,             0.00825,           0.0031096,          0.00028798,             0.81419,             0.77297,             0.72604,             0.61697,            0.037531,            0.005595,            0.031833,            0.001189,            0.001189,            0.001189
                 269,           0.0082903,           0.0032274,          0.00029857,             0.85121,             0.75987,             0.73737,             0.60767,             0.03815,           0.0056022,            0.032589,            0.001156,            0.001156,            0.001156
                 270,           0.0084591,           0.0035215,          0.00030734,             0.84065,             0.76797,             0.73721,             0.60309,             0.03828,            0.005606,            0.032884,            0.001123,            0.001123,            0.001123
                 271,           0.0081846,           0.0030703,          0.00027312,             0.89273,             0.75608,             0.74986,              0.6293,            0.036803,           0.0056607,            0.031412,             0.00109,             0.00109,             0.00109
                 272,           0.0083163,           0.0031919,          0.00027721,             0.89181,             0.75795,             0.74353,             0.62499,            0.036286,            0.005821,            0.030541,            0.001057,            0.001057,            0.001057
                 273,            0.008433,           0.0031326,          0.00038375,              0.8939,             0.75542,             0.74974,             0.61528,             0.03563,           0.0058436,            0.029894,            0.001024,            0.001024,            0.001024
                 274,            0.008774,           0.0031163,          0.00025974,             0.87353,             0.77113,             0.74653,             0.61462,            0.035674,           0.0059038,            0.028977,            0.000991,            0.000991,            0.000991
